date,channel,impression,clicks,spend,attributed_revenue,ctr,cpc,cpm,roas,spend_7d,revenue_7d
2025-05-16,Facebook,1475903,19638,15440.67,40775.59,0.013305752478313277,0.7862648945921173,10.461846069829793,2.6407914941514843,15440.67,40775.59
2025-05-17,Facebook,1677399,21777,17210.84,42695.57,0.012982599846548138,0.7903218992515039,10.260432967946207,2.4807371400814833,16325.755000000001,41735.58
2025-05-18,Facebook,1687499,23297,17492.64,46380.880000000005,0.013805637810748332,0.7508537579945915,10.366015031712612,2.6514511245872554,16714.716666666664,43284.013333333336
2025-05-19,Facebook,1600554,21285,16296.34,42482.04,0.013298520387315892,0.7656255579046277,10.181687090844795,2.6068454634598934,16610.122499999998,43083.520000000004
2025-05-20,Facebook,1642554,21760,14728.15,39414.45,0.01324766187291255,0.6768451286764706,8.966615405033869,2.6761304033432576,16233.728,42349.706
2025-05-21,Facebook,1734795,23840,18150.58,46508.97,0.01374225773074052,0.7613498322147652,10.462665617551353,2.5623958022278073,16553.203333333335,43042.916666666664
2025-05-22,Facebook,1858669,25347,15581.33,40043.08,0.01363717800210796,0.6147208742651991,8.383057983965946,2.569939793329581,16414.364285714288,42614.368571428575
2025-05-23,Facebook,1662268,22306,17741.35,44653.05,0.013419015465616855,0.7953622343764009,10.672978123864503,2.516891330141168,16743.032857142858,43168.291428571436
2025-05-24,Facebook,1814306,23800,20450.54,51635.81,0.013117963562927092,0.8592663865546218,11.271825149671555,2.524911811619644,17205.847142857143,44445.46857142857
2025-05-25,Facebook,1895796,27089,17109.46,45619.490000000005,0.014288984679786221,0.6316017571708074,9.024947831939723,2.6663313745728976,17151.10714285714,44336.69857142858
2025-05-26,Facebook,1644416,22111,17864.7,44773.07,0.013446110959757143,0.8079553163583737,10.863856834280377,2.5062312829210676,17375.158571428572,44663.98857142858
2025-05-27,Facebook,1473003,19623,15354.36,40557.05,0.013321765128787926,0.7824675126127504,10.423848423933963,2.641402832811006,17464.617142857143,44827.217142857146
2025-05-28,Facebook,2195486,28650,22933.64,60103.03,0.013049502479177731,0.8004760907504362,10.445814730770318,2.620736612242976,18147.911428571428,46769.22571428572
2025-05-29,Facebook,1889969,26086,17945.64,51222.71,0.01380234278974946,0.6879414245188991,9.4952033604784,2.854326176163124,18485.670000000002,48366.315714285716
2025-05-30,Facebook,1881567,25882,21853.42,56279.19,0.0137555558744387,0.8443481956572134,11.6144787828443,2.5753035451659287,19073.10857142857,50027.192857142865
2025-05-31,Facebook,1970971,26014,19538.88,48808.11,0.013198570653753912,0.7510909510263705,9.913326984516768,2.497999373556724,18942.87142857143,49623.235714285714
2025-06-01,Facebook,1550987,21220,14544.8,37540.74,0.013681610484162665,0.6854288407163054,9.377770413291666,2.581042021890985,18576.49142857143,48469.12857142857
2025-06-02,Facebook,1875244,25943,19793.6,51274.130000000005,0.013834466341446767,0.7629649616466869,10.555213081604315,2.5904398391399246,18852.04857142857,49397.85142857143
2025-06-03,Facebook,1763014,24590,18187.96,49315.66,0.013947705463484691,0.7396486376575844,10.316401344515699,2.711445373752747,19256.84857142857,50649.08142857143
2025-06-04,Facebook,2077409,27733,20694.75,53614.32,0.013349802566562482,0.7462138968016443,9.961808194727181,2.5907208349943827,18937.007142857143,49722.122857142866
2025-06-05,Facebook,1828871,25849,19877.809999999998,51215.65,0.014133856351814862,0.7689972532786568,10.868896712780725,2.5765237719849425,19213.03142857143,49721.114285714284
2025-06-06,Facebook,2106135,27672,23023.78,59690.92,0.013138758911465789,0.8320244290257299,10.931768381419046,2.5925768922392414,19380.225714285712,50208.50428571429
2025-06-07,Facebook,2137730,29275,19443.52,51955.67,0.013694432879736916,0.6641680614859095,9.09540493888377,2.6721329265482794,19366.602857142854,50658.15571428572
2025-06-08,Facebook,2159143,29714,19597.98,51055.9,0.01376194165926018,0.6595537457090933,9.076740169595066,2.6051613482614027,20088.485714285714,52588.892857142855
2025-06-09,Facebook,2021627,27315,19312.14,51243.22,0.013511394535193682,0.7070159253157605,9.552771109606272,2.65342007669787,20019.705714285716,52584.47714285715
2025-06-10,Facebook,1978585,27447,19202.17,53349.479999999996,0.013872034812757603,0.6996090647429591,9.705001301435116,2.778304743682615,20164.592857142856,53160.73714285714
2025-06-11,Facebook,1610079,22446,17013.56,44244.76,0.013940930848734752,0.7579773679051948,10.566910070872298,2.6005586132473155,19638.70857142857,51822.22857142857
2025-06-12,Facebook,1843773,24458,17842.25,48411.04,0.013265190454573313,0.729505683212037,9.677031825501295,2.71328111645112,19347.914285714283,51421.57
2025-06-13,Facebook,2003913,27855,20376.36,50670.45,0.013900304055116166,0.7315153473344104,10.168285748932215,2.486727266302715,18969.71142857143,50132.93142857142
2025-06-14,Facebook,1805376,24181,18749.71,48464.21,0.01339388581658336,0.7753901823745916,10.385487566025027,2.584797844873334,18870.59571428571,49634.15142857143
2025-06-15,Facebook,1884583,24918,18580.24,47109.35,0.013222023121295268,0.7456553495465126,9.859072272221495,2.5354543321291865,18725.204285714284,49070.35857142857
2025-06-16,Facebook,1984820,26938,19931.45,45801.29,0.0135720115677996,0.7399008835102829,10.041943350026703,2.297940691720873,18813.67714285714,48292.94
2025-06-17,Facebook,1977295,26602,19362.98,51031.44,0.013453733509668511,0.727876851364559,9.792661186115375,2.6355158141980213,18836.65,47961.791428571436
2025-06-18,Facebook,1576599,21583,14182.36,37535.36,0.013689593866290668,0.6571079090024556,8.995540400571103,2.6466229879935357,18432.192857142858,47003.305714285714
2025-06-19,Facebook,1360823,18235,13354.41,34858.14,0.013399979277246196,0.732350425006855,9.8134805187743,2.610234372016435,17791.07285714286,45067.177142857145
2025-06-20,Facebook,1708920,24007,16498.93,43998.05,0.014048053741544367,0.6872549673012038,9.654594714790628,2.666721417691935,17237.154285714285,44113.97714285715
2025-06-21,Facebook,1561667,21346,17520.079999999998,44413.67,0.013668727071776505,0.8207664199381616,11.218832183813833,2.535015251071913,17061.492857142857,43535.32857142857
2025-06-22,Facebook,1694355,23666,16651.55,41656.33,0.013967556975958403,0.7036064396180174,9.827663034015893,2.50164879545748,16785.965714285714,42756.32571428572
2025-06-23,Facebook,1736733,23673,14888.76,37603.33,0.01363076535080522,0.6289342288683311,8.572854894793846,2.5256186546092487,16065.581428571428,41585.188571428575
2025-06-24,Facebook,1653992,22541,15737.04,39331.44,0.01362824003985509,0.6981518122532275,9.514580481646828,2.4992908450382028,15547.59,39913.76
2025-06-25,Facebook,1658971,23097,15734.609999999999,42196.87,0.013922485685403784,0.6812404208338745,9.484560007378066,2.6817868380595393,15769.34,40579.69
2025-06-26,Facebook,1461734,19538,13797.25,36198.229999999996,0.01336631699064262,0.7061751458695875,9.438960850606199,2.623582960372538,15832.602857142858,40771.13142857143
2025-06-27,Facebook,1445469,19381,14267.710000000001,36102.32,0.013408104912661565,0.736169960270368,9.87064406085499,2.530351401871779,15513.857142857143,39643.17
2025-06-28,Facebook,1785053,23356,17947.2,45216.45,0.013084205342922591,0.7684192498715534,10.054155254773947,2.5194152848355174,15574.874285714284,39757.85285714286
2025-06-29,Facebook,2089409,28595,19311.25,52999.55,0.013685688153922952,0.6753365973072215,9.242446069678076,2.7444909055602307,15954.83142857143,41378.31285714286
2025-06-30,Facebook,1882478,25296,21399.47,55432.32,0.01343760723896906,0.8459626027830488,11.367713195054604,2.5903594808656476,16884.932857142856,43925.311428571425
2025-07-01,Facebook,1741212,24606,18374.68,49475.450000000004,0.014131535964603965,0.7467560757538811,10.552810341302495,2.692588387933831,17261.73857142857,45374.455714285716
2025-07-02,Facebook,2129652,28422,19072.62,49851.64,0.013345842419324848,0.6710512982900569,8.955744882262454,2.6137803825588724,17738.597142857143,46467.99428571429
2025-07-03,Facebook,1850411,24597,17783.62,42724.24,0.013292722535696124,0.7229995527909907,9.610632448683022,2.4024489951989527,18308.07857142857,47400.28142857143
2025-07-04,Facebook,1904949,26231,19510.89,49233.020000000004,0.013769922449367412,0.7438103770348061,10.242211208804015,2.5233610563126545,19057.104285714286,49276.09571428572
2025-07-05,Facebook,1921192,26068,20427.93,53960.49,0.013568659457253622,0.7836400951357987,10.632945587947482,2.6415055269917214,19411.494285714285,50525.24428571429
2025-07-06,Facebook,2368672,30615,23686.45,61835.55,0.01292496386160684,0.7736877347705373,9.999886012077654,2.6105874877830995,20036.522857142856,51787.530000000006
2025-07-07,Facebook,2211358,29149,20295.329999999998,52892.97,0.01318149300113324,0.6962616213249168,9.177767688452072,2.606164570864332,19878.78857142857,51424.76571428572
2025-07-08,Facebook,1823033,23795,17916.45,47185.84,0.01305242417443897,0.7529501996217693,9.82782538769183,2.633660127982943,19813.327142857142,51097.67857142857
2025-07-09,Facebook,2300391,31138,23495.88,61887.28,0.013535959756406628,0.7545725480120753,10.213863643180659,2.633963060757886,20445.221428571425,52817.055714285714
2025-07-10,Facebook,2333249,31123,22159.26,60253.23,0.01333891067777164,0.7119898467371397,9.497168969107026,2.719099374257083,21070.312857142857,55321.19714285714
2025-07-11,Facebook,1950544,27358,21882.49,56744.92,0.01402583074260309,0.7998570801959208,11.21866002510069,2.5931655858177014,21409.112857142853,56394.32571428571
2025-07-12,Facebook,2009518,26083,19339.989999999998,50197.09,0.012979729467464337,0.7414787409423762,9.624193463308115,2.5955075467981112,21253.692857142858,55856.69714285714
2025-07-13,Facebook,2034295,27200,19532.52,50491.08,0.013370725484750245,0.7181073529411764,9.601616284757128,2.584975210571908,20660.274285714288,54236.05857142858
2025-07-14,Facebook,1545635,20327,17015.66,45570.75,0.013151229106483742,0.8370964726718158,11.008847496336458,2.678165290091598,20191.75,53190.027142857136
2025-07-15,Facebook,1724724,24106,18405.94,47891.92,0.013976729030268031,0.7635418567991371,10.671817635749257,2.601981751543252,20261.67714285714,53290.89571428572
2025-07-16,Facebook,1745777,23081,20115.21,53110.75,0.013221047132594827,0.8715051340929769,11.522210454141623,2.6403278911828414,19778.72428571429,52037.10571428571
2025-07-17,Facebook,1678803,23191,14131.09,37636.21,0.013814009148184748,0.6093350868871545,8.4173604645691,2.6633621327158767,18631.842857142856,48806.102857142854
2025-07-18,Facebook,1534570,21712,15989.55,43816.67,0.014148588855510012,0.736438375092115,10.4195637865982,2.740331654111592,17789.994285714285,46959.21000000001
2025-07-19,Facebook,1808064,24340,14972.630000000001,38593.86,0.013461912852642385,0.615145028759244,8.281028768893137,2.5776273106328014,17166.085714285717,45301.60571428571
2025-07-20,Facebook,1590908,21815,12240.75,32723.329999999998,0.013712295117002365,0.5611162044464818,7.694190990302394,2.6733108673896613,16124.404285714287,42763.355714285724
2025-07-21,Facebook,1749181,24563,18395.13,48575.81,0.014042571923660273,0.7488959003379067,10.51642454382937,2.6406885952966896,16321.471428571429,43192.65
2025-07-22,Facebook,1870222,24855,16798.09,44164.64,0.01328986612284531,0.6758434922550794,8.981869532066247,2.6291465279683583,16091.778571428571,42660.18142857143
2025-07-23,Facebook,1908589,25923,20631.82,51129.87,0.01358228513315334,0.795888593141226,10.8099858062684,2.4782045403653195,16165.58,42377.19857142858
2025-07-24,Facebook,1508352,20410,14050.72,36426.229999999996,0.013531324253224711,0.6884233219010288,9.315279192124915,2.592481381737021,16154.098571428573,42204.34428571428
2025-07-25,Facebook,1661436,22804,17687.19,47385.08,0.013725476033985058,0.7756178740571829,10.645724541902306,2.67906207826116,16396.61857142857,42714.11714285715
2025-07-26,Facebook,1542052,20804,16849.49,43196.41,0.013491114437126634,0.8099158815612383,10.926667842588966,2.56366275774519,16664.74142857143,43371.624285714286
2025-07-27,Facebook,1566093,21829,15119.810000000001,38783.64,0.01393850812180375,0.6926478537725045,9.654477735357991,2.5650877888015784,17076.035714285714,44237.38285714285
2025-07-28,Facebook,1516926,21005,14419.25,39901.76,0.013847082850448868,0.6864675077362533,9.505572453765048,2.7672562719975033,16508.052857142855,42998.23285714286
2025-07-29,Facebook,1657603,22358,17704.5,45813.869999999995,0.013488151264205,0.7918642096788622,10.680784240858637,2.5876963483860034,16637.54,43233.83714285714
2025-07-30,Facebook,1903918,27813,20031.65,53555.43,0.014608297206077153,0.7202261532376947,10.521277702085909,2.673540621965739,16551.801428571427,43580.345714285715
2025-07-31,Facebook,1642780,22175,16018.810000000001,42095.08,0.013498459927683561,0.7223815107102594,9.75103787482195,2.627853130163851,16832.957142857143,44390.18142857143
2025-08-01,Facebook,1920352,26285,17844.63,46127.950000000004,0.01368759477429138,0.6788902415826518,9.292374523004115,2.5849765447644475,16855.448571428573,44210.59142857143
2025-08-02,Facebook,2083450,28332,19858.08,54411.88,0.013598598478485205,0.7009063955950869,9.531344644699896,2.740037304714252,17285.247142857144,45812.80142857144
2025-08-03,Facebook,2087448,28556,19562.3,53383.49,0.013679861725896884,0.6850504272307045,9.371395119782624,2.7288963976628513,17919.88857142857,47898.49428571429
2025-08-04,Facebook,1999573,26329,21895.510000000002,57630.16,0.013167311220945672,0.831611910820768,10.950092844822372,2.6320537863698994,18987.925714285717,50431.12285714286
2025-08-05,Facebook,2120173,28275,19942.129999999997,51199.83,0.01333617586866732,0.7052919540229884,9.405897537606599,2.567420330726959,19307.587142857144,51200.54571428571
2025-08-06,Facebook,1585076,21282,16557.07,44660.35,0.013426485543910828,0.7779846818907997,10.445600084790888,2.697358288634402,18811.21857142857,49929.82
2025-08-07,Facebook,1979371,26965,19098.25,49565.83,0.013623014583925903,0.7082607083256073,9.648645958741438,2.595307423455029,19251.13857142857,50997.07
2025-08-08,Facebook,1961928,26731,17118.41,44427.4,0.013624862889973536,0.6403954210467248,8.725299807128499,2.5952994466191663,19147.39285714286,50754.13428571429
2025-08-09,Facebook,1958863,25435,18108.440000000002,45671.56,0.012984573193735345,0.711949675643798,9.244362673653034,2.522114549900488,18897.44428571429,49505.51714285714
2025-08-10,Facebook,2145238,29113,18290.04,49652.270000000004,0.013570988393828564,0.62824305293168,8.525879179839253,2.7147163155466036,18715.692857142858,48972.485714285714
2025-08-11,Facebook,1980138,26575,18918.21,50302.98,0.01342078178389587,0.7118799623706491,9.553985631304485,2.6589714354582177,18290.364285714284,47925.74571428572
2025-08-12,Facebook,1688562,23134,16763.48,41902.26,0.013700414909254147,0.7246252269387049,9.927666262772702,2.499615831557648,17836.27142857143,46597.52142857143
2025-08-13,Facebook,1796520,24859,18600.75,46679.13,0.013837307683744127,0.7482501307373587,10.353767283414602,2.5095294544574815,18128.225714285716,46885.91857142858
2025-08-14,Facebook,1782552,23550,16135.29,40324.5,0.013211395796588261,0.6851503184713377,9.051792037483338,2.4991493800235385,17704.945714285714,45565.728571428575
2025-08-15,Facebook,1698845,22892,16339.65,42318.66,0.013475037451915861,0.7137711864406779,9.618093469386555,2.589936748951171,17593.694285714286,45264.479999999996
2025-08-16,Facebook,1869251,24713,19140.54,50540.32,0.013220803412703805,0.7745130093473072,10.239684237162372,2.640485587135995,17741.137142857144,45960.01714285714
2025-08-17,Facebook,2001714,26523,21723.41,55962.9,0.01325014462605547,0.8190404554537571,10.852404489352624,2.5761563216824617,18231.61857142857,46861.53571428572
2025-08-18,Facebook,1626882,22280,17311.55,41185.69,0.013694908419909987,0.7769995511669658,10.640937695542762,2.3790873723034625,18002.09571428571,45559.065714285716
2025-08-19,Facebook,1524275,20832,14727.51,38865.81,0.013666825211986026,0.7069657258064517,9.661977005461614,2.6389939643565,17711.242857142857,45125.287142857145
2025-08-20,Facebook,1729817,23241,16854.34,44156.0,0.013435525260764579,0.7251985714900392,9.743423726324808,2.619859335933653,17461.755714285715,44764.840000000004
2025-08-21,Facebook,1640148,22031,14563.16,38568.53,0.013432324399993171,0.6610303663020289,8.879174318415167,2.648362717981537,17237.165714285715,44513.98714285714
2025-08-22,Facebook,1399202,19916,13805.38,38691.659999999996,0.01423382756742772,0.6931803575015063,9.866609681804343,2.802650850610414,16875.12714285714,43995.84428571429
2025-08-23,Facebook,1708137,22369,18540.8,50884.46,0.013095553810964812,0.8288613706468774,10.854398681136232,2.7444587072833966,16789.45,44045.00714285714
2025-08-24,Facebook,1655306,21383,18193.56,46830.36,0.012917853254926883,0.8508422578684002,10.99105543023465,2.5740075059526557,16285.185714285713,42740.35857142857
2025-08-25,Facebook,1400426,18631,14376.61,39075.6,0.013303808983837775,0.7716499382749181,10.265883381199721,2.7179981928980474,15865.908571428572,42438.91714285714
2025-08-26,Facebook,1649785,22040,18172.27,48433.86,0.0133593165170007,0.8245131578947369,11.014932248747565,2.665261962319512,16358.017142857143,43805.78142857143
2025-08-27,Facebook,1641459,22287,13374.79,35646.4,0.013577555089709824,0.6001162112442231,8.148110918396378,2.6651932478939857,15860.938571428573,42590.124285714286
2025-08-28,Facebook,1900843,24820,21393.02,55406.54,0.013057364548255694,0.8619266720386785,11.254490770673854,2.589935408838958,16836.632857142857,44995.55428571429
2025-08-29,Facebook,1428391,19497,12985.78,35151.89,0.01364962394750457,0.6660399035749089,9.091194217829711,2.706952528073015,16719.547142857144,44489.87285714286
2025-08-30,Facebook,2053830,29314,18689.95,48980.409999999996,0.01427284634073901,0.6375776079688886,9.100047228835882,2.6206817032683336,16740.854285714286,44217.86571428571
2025-08-31,Facebook,1839414,24488,18833.39,49680.91,0.013312935532729445,0.7690864913426985,10.238798878338427,2.6379164876849046,16832.25857142857,44625.08714285715
2025-09-01,Facebook,2032689,26458,20136.96,51975.520000000004,0.013016255806963091,0.7610915413107566,9.906562194216626,2.581100622934147,17655.165714285715,46467.932857142856
2025-09-02,Facebook,1885153,25692,19430.95,49909.48,0.013628602028588661,0.7563035186050132,10.307359667889026,2.5685558348922726,17834.977142857144,46678.735714285714
2025-09-03,Facebook,2037966,27572,19985.86,50168.58,0.013529175658475166,0.7248607282750616,9.806768120763545,2.5102037140258164,18779.415714285715,48753.33285714285
2025-09-04,Facebook,1966255,25836,20912.39,54413.78,0.01313969958118352,0.8094283170769468,10.63564491889404,2.6019876255176957,18710.754285714287,48611.51
2025-09-05,Facebook,1652546,22729,14647.44,36924.1,0.013753928786248613,0.6444383826829161,8.86355962254606,2.5208568869372394,18948.134285714284,48864.682857142856
2025-09-06,Facebook,2365251,32843,23879.52,60179.58,0.013885629897207527,0.7270809609353591,10.0959771288544,2.5201335705240306,19689.50142857143,50464.56428571429
2025-09-07,Facebook,2155236,27693,22850.93,60349.55,0.012849172898002817,0.8251518434261366,10.602518703288178,2.641010672213341,20263.435714285715,51988.65571428571
2025-09-08,Facebook,1755006,24757,16444.420000000002,42710.630000000005,0.014106504479186965,0.6642331461808783,9.37000785182501,2.5972719013501235,19735.93,50665.1
2025-09-09,Facebook,2109003,29059,21668.12,56526.83,0.01377854844208377,0.745659520286314,10.274105821565925,2.6087556280840243,20055.52571428571,51610.43571428571
2025-09-10,Facebook,1857975,24908,18648.9,47583.92,0.01340599308386819,0.7487112574273327,10.037217938885076,2.5515671165591534,19864.53142857143,51241.19857142856
2025-09-11,Facebook,1929203,25768,17829.38,48311.76,0.013356811076905851,0.6919194349580876,9.241837173174622,2.7096713402260764,19424.10142857143,50369.48142857143
2025-09-12,Facebook,1954647,26114,19246.12,49420.38,0.013359957066416597,0.737003905950831,9.846340541284437,2.5678100313205987,20081.055714285718,52154.66428571429
2025-05-16,Google,2033462,83448,12669.470000000001,36422.52,0.04103740320694461,0.15182472917265843,6.23049262784355,2.874825860908151,12669.470000000001,36422.52
2025-05-17,Google,1905351,79998,13250.04,39544.909999999996,0.04198596479073934,0.16562964074101855,6.95412026445521,2.9845124995849064,12959.755000000001,37983.715
2025-05-18,Google,1880528,76834,12191.8,40701.78,0.040857674014957504,0.15867714813754327,6.483179192226864,3.338455355238767,12703.769999999999,38889.736666666664
2025-05-19,Google,1679868,70965,12085.4,37043.71,0.042244390630692415,0.17030085253293878,7.194255739141409,3.0651620964138546,12549.1775,38428.229999999996
2025-05-20,Google,1846924,68390,8239.23,23916.8,0.03702913601209362,0.12047419213335282,4.4610552464530215,2.9027955282229043,11687.188,35525.944
2025-05-21,Google,1907229,75837,13044.49,38782.11,0.03976292306796929,0.17200693592837268,6.839498560477006,2.9730644892977804,11913.404999999999,36068.63833333333
2025-05-22,Google,1807037,74245,9501.57,29695.73,0.041086596455966316,0.1279758906323658,5.258093774504894,3.1253498106102464,11568.857142857143,35158.22285714286
2025-05-23,Google,1878314,77937,11281.710000000001,35812.92,0.04149306239531835,0.14475422456599563,6.006296071902782,3.174423026296545,11370.605714285715,35071.137142857144
2025-05-24,Google,2338448,87491,16672.559999999998,48831.380000000005,0.037414131081811526,0.19056314363763127,7.1297544354204145,2.9288471596443504,11859.537142857143,36397.775714285715
2025-05-25,Google,1618717,65437,9933.56,28777.52,0.040425225657109924,0.15180341397068936,6.136687265284791,2.896999665779439,11536.93142857143,34694.31
2025-05-26,Google,2044846,85942,15042.199999999999,45460.51,0.042028592862249775,0.17502734402271297,7.35615298169153,3.0221982156865357,11959.331428571428,35896.71
2025-05-27,Google,2059053,82161,12996.69,38303.0,0.03990232402954173,0.15818563552050244,6.311974485358075,2.9471350012964836,12638.968571428572,37951.881428571425
2025-05-28,Google,1933361,79491,11975.720000000001,35330.2,0.0411154461065471,0.15065504270923755,6.194249289191207,2.95015247517477,12486.287142857143,37458.75142857143
2025-05-29,Google,2245351,91001,14678.01,45382.84,0.040528630044923936,0.16129504071383832,6.537067033172097,3.0918932471091107,13225.778571428571,39699.76714285714
2025-05-30,Google,2119787,82834,13900.16,42726.52,0.039076567598537025,0.1678074220730618,6.5573380721742325,3.0738149776693215,13599.842857142856,40687.42428571428
2025-05-31,Google,2181961,96753,14261.39,45057.53,0.04434222243202331,0.14739997726168697,6.536042578212901,3.1594066216546914,13255.39,40148.30285714286
2025-06-01,Google,2656182,115515,19515.7,62804.29,0.04348911332130102,0.16894515863740642,7.347275149067346,3.2181418037784963,14624.267142857143,45009.270000000004
2025-06-02,Google,2431267,103246,14527.65,44815.15,0.0424659241457232,0.1407090831606067,5.975341252112582,3.084817572009238,14550.759999999998,44917.07571428571
2025-06-03,Google,2230394,95081,16903.6,51394.229999999996,0.04262968784887334,0.1777810498417139,7.578750660197256,3.0404310324427932,15108.89,46787.25142857143
2025-06-04,Google,2306978,99256,12344.24,40566.11,0.043024250773089294,0.12436769565567825,5.350826925961149,3.286237953895906,15161.535714285714,47535.23857142857
2025-06-05,Google,2060287,86394,13247.17,40585.67,0.04193299283061049,0.153334375072343,6.429769250594699,3.0637237991208686,14957.130000000001,46849.92857142857
2025-06-06,Google,2389551,94437,16026.64,46411.020000000004,0.03952081374283286,0.1697072122155511,6.706967124786205,2.8958671312265083,15260.912857142857,47376.28571428572
2025-06-07,Google,2475095,93205,15202.73,44811.58,0.03765714043299348,0.16311067002843194,6.142281407380323,2.947600858530014,15395.39,47341.15000000001
2025-06-08,Google,2681840,112855,15928.72,48310.4,0.04208118306834114,0.1411432368969031,5.939474390716821,3.0329116212727705,14882.964285714286,45270.59428571428
2025-06-09,Google,2390761,101934,17829.22,55818.86,0.04263663327283656,0.17490945121353033,7.45755012734439,3.1307516537459295,15354.617142857143,46842.55285714286
2025-06-10,Google,1616004,69277,10381.06,31959.3,0.04286932458087975,0.14984857889342781,6.423907366565924,3.0786162492076916,14422.825714285715,44066.13428571429
2025-06-11,Google,3103060,130189,19819.89,59644.11,0.04195503793030106,0.15223935970012828,6.387208110703628,3.0093058034126328,15490.775714285714,46791.56285714286
2025-06-12,Google,2168606,90047,14601.02,46848.91,0.04152298757819539,0.16214887780825568,6.732905839050524,3.2086052892195203,15684.182857142858,47686.31142857143
2025-06-13,Google,2226653,96057,16996.62,52094.96,0.04313963603668825,0.1769430650551235,7.63325942569408,3.0650188096221487,15822.751428571428,48498.30285714286
2025-06-14,Google,2354833,93831,16740.989999999998,51203.4,0.03984613770912842,0.17841640822329505,7.109204771633487,3.058564636858394,16042.502857142856,49411.42
2025-06-15,Google,1980315,82514,14625.23,45414.54,0.04166710851556444,0.17724543713794022,7.385304863115212,3.105218858096591,15856.289999999999,48997.72571428572
2025-06-16,Google,1759692,76935,11378.17,37287.62,0.043720719307697026,0.1478932865405862,6.466000868333777,3.2771192555569133,14934.711428571429,46350.40571428571
2025-06-17,Google,1872428,79101,12998.95,41143.45,0.042245149079163526,0.1643335735325723,6.9422963125951975,3.165136414864277,15308.695714285714,47662.427142857145
2025-06-18,Google,2016607,86785,14826.369999999999,44296.86,0.04303515756912477,0.17084023736820877,7.352136534287543,2.987707712676805,14595.335714285713,45469.962857142855
2025-06-19,Google,2246642,96462,14585.59,44013.2,0.04293607971363484,0.15120555244552258,6.492173652945151,3.0175810508865255,14593.131428571429,45064.86142857142
2025-06-20,Google,1767795,74684,11194.77,31827.28,0.04224697999485234,0.14989515826683092,6.3326177526240315,2.843049030931408,13764.295714285714,42169.47857142857
2025-06-21,Google,1610433,69854,10944.34,30536.44,0.04337591194417899,0.1566744925129556,6.795898991140892,2.790158200494502,12936.202857142856,39217.05571428571
2025-06-22,Google,2142436,92815,13598.78,39570.68,0.04332218091929001,0.14651489522167754,6.3473447981643325,2.909869855972374,12789.567142857142,38382.21857142857
2025-06-23,Google,1582123,63727,11066.67,32916.090000000004,0.04027942201712509,0.1736574764228663,6.994822779265582,2.9743445860407878,12745.067142857142,37757.71428571428
2025-06-24,Google,1605565,68460,9858.34,29965.54,0.04263919554798466,0.1440014607069822,6.140106442280444,3.039613160024913,12296.408571428572,36160.87
2025-06-25,Google,2063561,88788,14450.46,47036.8,0.04302659335003908,0.16275239897283417,7.002681287347454,3.255038247917368,12242.707142857145,36552.28999999999
2025-06-26,Google,2079988,85728,15417.36,46005.64,0.041215622397821526,0.1798404255319149,7.412235070586946,2.984015421576716,12361.531428571428,36836.92428571429
2025-06-27,Google,1658618,66652,10039.64,28063.48,0.040185262670488324,0.1506277381023825,6.053015221105764,2.79526755939456,12196.51285714286,36299.23857142857
2025-06-28,Google,2088261,86547,14417.68,49269.83,0.041444532077168514,0.166587865552821,6.904156137570927,3.4173202623445658,12692.704285714284,38975.43714285714
2025-06-29,Google,1892155,80572,13332.76,41043.03,0.04258213518448541,0.16547634413940326,7.046336055978501,3.0783596194636367,12654.701428571429,39185.77285714286
2025-06-30,Google,1753437,71689,11968.99,37155.42,0.040884845021520594,0.16695713428838455,6.826016560617804,3.104307046793422,12783.604285714286,39791.39142857143
2025-07-01,Google,1957760,82638,11998.06,37314.96,0.04221048545276234,0.1451881700912413,6.128463141549526,3.1100827967188027,13089.278571428571,40841.30857142857
2025-07-02,Google,2079780,88112,12122.24,39133.58,0.04236601948282991,0.13757762847285274,5.828616488282415,3.2282465946887706,12756.675714285713,39712.27714285714
2025-07-03,Google,1871950,81819,12713.03,39845.99,0.04370789818104116,0.155379923978538,6.791329896631854,3.1342638222359263,12370.342857142856,38832.32714285714
2025-07-04,Google,2074134,79649,17488.64,53698.79,0.038401086911453164,0.21957136938316865,8.431779238949845,3.070495475920369,13434.485714285713,42494.514285714286
2025-07-05,Google,2359451,97430,14788.59,42883.36,0.041293504294007376,0.15178682130760546,6.267809757439337,2.899759882449916,13487.472857142857,41582.16142857143
2025-07-06,Google,1810593,74081,11757.08,35238.229999999996,0.040915324426859044,0.15870574101321527,6.493496881960772,2.99719233006835,13262.375714285712,40752.904285714285
2025-07-07,Google,3227721,130245,19340.93,58713.69,0.040352000684074,0.14849652577834083,5.992131909790221,3.0357221705471247,14315.51,43832.65714285715
2025-07-08,Google,2244837,86921,14617.710000000001,43017.63,0.03872040598047876,0.1681723634104532,6.51170218594936,2.942843304457401,14689.745714285715,44647.32428571429
2025-07-09,Google,2715398,114691,19028.53,57852.39,0.042237270558496395,0.16591127464229974,7.007639395771817,3.0402973850318444,15676.358571428571,47321.439999999995
2025-07-10,Google,1956084,81186,12575.11,40044.33,0.04150435257381585,0.15489259231887273,6.428716762674814,3.184411905740785,15656.655714285715,47349.77428571428
2025-07-11,Google,2129435,86964,12820.15,40492.45,0.040839001894868825,0.14741904696196126,6.0204467382192925,3.1585004855637413,14989.72857142857,45463.154285714285
2025-07-12,Google,1873949,79761,11643.8,33516.03,0.04256305801278477,0.14598362608292273,6.213509545884119,2.8784443223002802,14540.472857142857,44124.96428571428
2025-07-13,Google,1874869,80222,12412.5,38499.84,0.04278805612552131,0.15472688289995262,6.620462549650136,3.101699093655589,14634.104285714286,44590.90857142857
2025-07-14,Google,2050862,92397,16004.14,48624.380000000005,0.045052763179580096,0.17321060207582498,7.803616235514627,3.0382376060194427,14157.419999999998,43149.57857142857
2025-07-15,Google,1898287,82350,13287.130000000001,38033.76,0.043381216854985576,0.16134948391013967,6.9995369509457745,2.862451108704438,13967.337142857143,42437.59714285714
2025-07-16,Google,1931654,83173,13415.82,42842.17,0.04305791824001607,0.16130018154930084,6.945250029249545,3.1934067392078904,13165.521428571428,40293.27999999999
2025-07-17,Google,2187586,91090,11586.85,36572.13,0.041639505829713666,0.12720221758700187,5.296637480766471,3.1563479289021603,13024.341428571428,39797.25142857143
2025-07-18,Google,1682464,67484,11306.27,32844.75,0.04011021929741142,0.1675400094837295,6.720066521482778,2.9050031531176947,12808.072857142859,38704.72285714286
2025-07-19,Google,1462529,63137,10143.73,31839.61,0.04316974227519591,0.1606622107480558,6.93574623135678,3.1388463612497572,12593.777142857143,38465.23428571429
2025-07-20,Google,1954807,83660,13674.39,44067.72,0.04279706385336251,0.1634519483624193,6.99526347102297,3.2226461290046577,12774.047142857144,39260.64571428572
2025-07-21,Google,1955419,84433,11727.03,34633.7,0.04317898107771276,0.13889154714388924,5.997195485980242,2.953322367214887,12163.031428571428,37261.97714285714
2025-07-22,Google,1628947,67408,12243.45,35870.01,0.04138133407655375,0.18163200213624497,7.516174559393277,2.9297305906423436,12013.934285714286,36952.87
2025-07-23,Google,1864082,76186,14130.61,45597.93,0.040870519644522076,0.18547515291523378,7.580465880792798,3.2268904173280557,12116.047142857144,37346.549999999996
2025-07-24,Google,1744942,75651,10346.03,31629.6,0.043354449603482524,0.13675998995386712,5.929154092227707,3.0571726546317763,11938.787142857143,36640.474285714285
2025-07-25,Google,1484740,59116,9043.93,26500.05,0.03981572531217587,0.15298616279856553,6.091255034551504,2.930147623875903,11615.595714285713,35734.088571428576
2025-07-26,Google,2162961,88703,13818.11,43613.04,0.04100998584810359,0.155779511403222,6.388515558070626,3.1562232461602924,12140.507142857143,37416.00714285714
2025-07-27,Google,2204166,92606,14803.539999999999,44591.380000000005,0.04201407697968302,0.15985508498369436,6.716163846098705,3.0122105928717056,12301.814285714285,37490.815714285716
2025-07-28,Google,1926328,80970,10334.529999999999,33888.26,0.04203334011653259,0.12763406199827096,5.36488593842793,3.27912928793085,12102.885714285714,37384.32428571428
2025-07-29,Google,2552896,100877,13776.22,41454.03,0.03951473150492617,0.13656452907996866,5.396310699691644,3.0091004644234776,12321.852857142858,38182.041428571436
2025-07-30,Google,2787427,103503,16233.23,46623.700000000004,0.03713209350415275,0.15683825589596437,5.823732782957186,2.8721147916958,12622.227142857142,38328.58000000001
2025-07-31,Google,1957089,83750,12695.06,39192.92,0.04279314839539745,0.15158280597014925,6.486705510071335,3.087257563178118,12957.802857142859,39409.05428571429
2025-08-01,Google,2514215,106730,15003.439999999999,49191.119999999995,0.04245062574203081,0.1405737843155626,5.96744510712091,3.27865609486891,13809.161428571428,42650.635714285716
2025-08-02,Google,1848330,73331,13443.39,38593.28,0.03967419237906651,0.1833247876068784,7.273262891366802,2.8707997015633704,13755.63,41933.52714285714
2025-08-03,Google,2381422,99802,16892.510000000002,49576.8,0.041908573952873535,0.16926023526582637,7.093455086918658,2.934839168365151,14054.054285714286,42645.729999999996
2025-08-04,Google,2004196,82957,12878.33,38206.73,0.04139166029669753,0.1552410284846366,6.425683915146023,2.966745688299648,14417.454285714286,43262.654285714285
2025-08-05,Google,2175546,88132,12555.55,38635.35,0.0405102902903455,0.14246301003040893,5.771217891968269,3.0771531314836866,14243.072857142859,42859.985714285714
2025-08-06,Google,2356034,102010,15327.16,47043.159999999996,0.04329733781430998,0.15025154396627782,6.505491856229579,3.069267887853979,14113.634285714284,42919.90857142857
2025-08-07,Google,2561678,108848,15094.17,45719.02,0.042490898543845086,0.13867200132294577,5.89229793908524,3.028919112478526,14456.364285714284,43852.20857142857
2025-08-08,Google,2848294,117837,19077.16,57651.71,0.04137108037302329,0.16189448135984452,6.697749600287049,3.0220279119114166,15038.324285714287,45060.864285714284
2025-08-09,Google,2644718,114677,14241.63,44477.4,0.043360766629939373,0.12418907017100203,5.3849332896739845,3.123055436772336,15152.358571428573,45901.45285714285
2025-08-10,Google,2646302,104264,16759.25,49299.99,0.03939988708771713,0.16073860584669686,6.333082920996923,2.9416584871041365,15133.32142857143,45861.90857142857
2025-08-11,Google,2243747,92924,14901.02,46655.56,0.04141465147362871,0.1603570659894107,6.6411319992851245,3.1310312985285567,15422.277142857143,47068.88428571429
2025-08-12,Google,2289787,95917,13295.619999999999,37862.78,0.04188904906875618,0.1386158866520012,5.806487677674823,2.8477633987734308,15528.001428571428,46958.51714285714
2025-08-13,Google,2132541,90143,14619.19,43946.729999999996,0.0422702306778627,0.16217776200037717,6.855291410575459,3.006098833109084,15426.862857142858,46516.17
2025-08-14,Google,2022396,83124,10537.73,33388.12,0.04110174268540879,0.1267712092777056,5.210517623650364,3.1684357067413953,14775.942857142856,44754.612857142856
2025-08-15,Google,1678996,66928,9082.28,25499.46,0.03986191747925546,0.13570224719101123,5.409351779277616,2.8076055792157915,13348.102857142858,40161.434285714284
2025-08-16,Google,2405929,95850,16214.8,48044.82,0.03983908087063251,0.16916849243609805,6.739517250924695,2.96302267064657,13629.984285714285,40671.06571428571
2025-08-17,Google,2242408,96633,16946.43,56723.08,0.043093406730621724,0.17536897333209153,7.557246495731374,3.347199380636512,13656.724285714286,41731.50714285714
2025-08-18,Google,1928365,76836,10404.14,33216.71,0.039845153796091506,0.13540710083814878,5.395316757978909,3.1926435053738222,13014.312857142857,39811.67142857143
2025-08-19,Google,1712526,68713,11122.48,38125.55,0.04012377038363213,0.1618686420328031,6.494780225234536,3.427792183038316,12703.864285714286,39849.21000000001
2025-08-20,Google,1531860,63011,10790.98,33861.61,0.04113365451150888,0.17125549507228896,7.044364367500947,3.1379550328144434,12156.977142857142,38408.47857142857
2025-08-21,Google,1656301,71731,10501.51,31373.47,0.04330794946087698,0.14640127699321076,6.340339105029822,2.987519889996772,12151.802857142857,38120.67142857143
2025-08-22,Google,1899886,78020,11188.08,35943.11,0.04106562183204677,0.14340015380671622,5.88881648688395,3.2126254013199764,12452.631428571429,39612.62142857143
2025-08-23,Google,1931683,83544,14331.2,42449.700000000004,0.04324933231798385,0.17154074499664848,7.419022686434576,2.9620478396784637,12183.545714285716,38813.31857142857
2025-08-24,Google,2391638,99421,16389.41,47170.06,0.041570254361236944,0.1648485732390541,6.852797120634477,2.8780816393024518,12103.971428571429,37448.60142857143
2025-08-25,Google,2175119,91624,13864.6,40957.94,0.04212367231402052,0.15132061468610844,6.374179987393793,2.954137876318105,12598.322857142859,38554.491428571426
2025-08-26,Google,2291469,97219,15748.96,45079.94,0.04242649584175042,0.161994671823409,6.872866270501587,2.862407422458372,13259.24857142857,39547.97571428572
2025-08-27,Google,1741260,73567,12715.19,38760.83,0.0422492907434846,0.17283822909728547,7.302292592720214,3.048387794441137,13534.135714285714,40247.864285714284
2025-08-28,Google,2145375,91045,13915.619999999999,42859.75,0.04243780224902406,0.15284331923773956,6.486334556895646,3.0799741585355163,14021.865714285714,41888.76142857143
2025-08-29,Google,1986055,82561,11075.369999999999,35525.4,0.04157034926021686,0.13414772107895978,5.576567617714513,3.2076038994634044,14005.764285714287,41829.08857142857
2025-08-30,Google,2040779,83832,14053.24,43779.04,0.041078431324508925,0.16763574768584788,6.8862135488458085,3.115227520486379,13966.055714285712,42018.99428571429
2025-08-31,Google,1959012,81327,12817.47,40099.86,0.04151429394000649,0.1576041167140064,6.542823627420352,3.128531605691295,13455.778571428571,41008.96571428572
2025-09-01,Google,2231394,97146,11399.76,34218.55,0.043536013810201155,0.11734667407819159,5.108806423249323,3.0016903864642765,13103.658571428572,40046.19571428571
2025-09-02,Google,2690124,105825,19728.61,59329.81,0.039338335333241145,0.18642674226317033,7.333717702232313,3.007298030626587,13672.180000000002,42081.89142857143
2025-09-03,Google,2563623,110418,18377.21,54801.73,0.04307107558326634,0.1664330996757775,7.168452615692713,2.982048417578077,14481.039999999999,44373.44857142858
2025-09-04,Google,2046818,83687,15055.07,45240.95,0.04088639048513351,0.1798973556227371,7.355353529234158,3.0050308633569953,14643.818571428574,44713.619999999995
2025-09-05,Google,1979673,79390,14065.79,41191.43,0.04010258259823719,0.1771733215770248,7.105107762746676,2.9284832206367364,15071.021428571428,45523.05285714286
2025-09-06,Google,2059487,82724,12625.88,39103.71,0.04016728437712887,0.15262656544654513,6.130594657795849,3.0971076867513396,14867.112857142858,44855.148571428566
2025-09-07,Google,2193312,85786,14741.05,46209.81,0.039112538480617444,0.17183514792623505,6.720908835587458,3.134770589612002,15141.91,45727.99857142857
2025-09-08,Google,2136741,86427,17078.07,56713.75,0.040448046815220004,0.19760109687944738,7.992578417318711,3.3208524148220495,15953.097142857141,48941.59857142857
2025-09-09,Google,2644125,110779,14439.6,44599.96,0.04189627948754314,0.13034600420657344,5.461012622323075,3.0887254494584337,15197.524285714288,46837.33428571429
2025-09-10,Google,2059288,86317,11300.8,34186.57,0.04191594376308705,0.13092206633687453,5.4877219699235855,3.0251460073623107,14186.608571428571,43892.311428571425
2025-09-11,Google,1920235,83578,13380.92,41316.6,0.043524881069244126,0.16010098351240756,6.968376266446555,3.087724909796935,13947.444285714288,43331.689999999995
2025-09-12,Google,2286187,94815,15182.4,49050.15,0.04147298536821353,0.1601265622528081,6.6409265733730445,3.230724391400569,14106.960000000001,44454.364285714284
2025-05-16,TikTok,1432113,22237,11997.119999999999,33083.74,0.015527406007766148,0.5395116247695282,8.377216043706047,2.757640166973407,11997.119999999999,33083.74
2025-05-17,TikTok,1462304,22458,11222.08,32161.149999999998,0.015357955664485634,0.4996918692670763,7.67424557410771,2.865881369585674,11609.599999999999,32622.445
2025-05-18,TikTok,1689160,25233,13274.73,36594.92,0.014938194131994601,0.5260860777553203,7.858775959648582,2.756735541890494,12164.643333333333,33946.60333333333
2025-05-19,TikTok,1487766,23141,11556.3,31943.61,0.015554193334166798,0.4993863705112138,7.767552155379273,2.7641727888684096,12012.557499999999,33445.854999999996
2025-05-20,TikTok,1321766,18956,10250.380000000001,28846.97,0.014341418980364149,0.5407459379615953,7.755064058237239,2.814234204000242,11660.122,32526.078
2025-05-21,TikTok,1545500,22756,11606.07,32778.01,0.014724037528307992,0.5100224116716471,7.509589129731478,2.824212674919245,11651.113333333333,32568.066666666666
2025-05-22,TikTok,1394802,20474,10031.68,28759.68,0.014678785949546962,0.489971671388102,7.192189285647712,2.8668857060831288,11419.765714285715,32024.01142857143
2025-05-23,TikTok,1235730,17952,9246.03,26594.03,0.01452744531572431,0.5150417780748664,7.482241266296035,2.8762647319984898,11026.752857142857,31096.91
2025-05-24,TikTok,1312123,19457,9958.19,26860.3,0.014828640302776492,0.5118050059104693,7.589372337806745,2.697307442416744,10846.197142857143,30339.645714285718
2025-05-25,TikTok,1228294,18770,11440.78,31566.91,0.015281357720545733,0.6095247735748536,9.314366104531977,2.759157155368777,10584.204285714284,29621.358571428573
2025-05-26,TikTok,1272066,19509,8944.52,25378.670000000002,0.015336468390791044,0.4584817263826952,7.0314905044235125,2.8373428646813914,10211.092857142858,28683.510000000002
2025-05-27,TikTok,1293611,19181,9171.33,25628.67,0.014827486779255897,0.4781466034096241,7.089712440602314,2.7944333046570127,10056.942857142858,28223.752857142856
2025-05-28,TikTok,1380454,20748,11276.07,30980.0,0.015029838009814162,0.5434774436090225,8.16837793943152,2.747411110431205,10009.800000000001,27966.894285714287
2025-05-29,TikTok,1398315,20832,11936.75,33013.47,0.014897930723763959,0.5730006720430108,8.536524316766966,2.765700043981821,10281.952857142856,28574.578571428574
2025-05-30,TikTok,1294821,20018,11223.81,30421.31,0.015460052007188639,0.560685882705565,8.668232906324503,2.710426316910212,10564.492857142857,29121.33285714286
2025-05-31,TikTok,1367170,21085,10986.25,31537.89,0.015422368834892515,0.521045767133033,8.03576000058515,2.870669245647969,10711.358571428571,29789.56
2025-06-01,TikTok,1529877,24316,11330.96,33275.68,0.015894088217549514,0.46598782694522123,7.406451629771544,2.9367043922138993,10695.67,30033.670000000002
2025-06-02,TikTok,1599696,23795,11786.550000000001,33248.4,0.014874701193226713,0.4953372557259929,7.367993668797072,2.820876337859679,11101.674285714285,31157.917142857146
2025-06-03,TikTok,1899100,28321,16141.08,43975.7,0.014912853456900637,0.5699332650683239,8.49933126217682,2.7244583385993995,12097.352857142858,33778.92142857143
2025-06-04,TikTok,1679443,26453,13785.98,39014.29,0.015751055558301176,0.5211499640872491,8.208662038544922,2.82999757724877,12455.91142857143,34926.677142857145
2025-06-05,TikTok,1632773,24671,14258.560000000001,41430.11,0.015109877490624845,0.5779481982894897,8.732726472081547,2.9056307228780462,12787.598571428573,36129.05428571429
2025-06-06,TikTok,1463636,22109,12749.84,36654.36,0.01510553170323769,0.5766809896422271,8.711072971695149,2.8748878417297785,13005.602857142858,37019.49
2025-06-07,TikTok,1242993,18515,10125.51,29485.61,0.014895498204736471,0.5468814474750202,8.146071619067847,2.9120123332059324,12882.640000000001,36726.30714285714
2025-06-08,TikTok,1642063,24882,10991.53,31779.57,0.01515288999264949,0.4417462422634837,6.693732213684859,2.8912781023206047,12834.15,36512.577142857146
2025-06-09,TikTok,1762025,26910,15541.65,46273.61,0.015272201018714264,0.5775418060200669,8.82033455824974,2.977393648679516,13370.592857142856,38373.32142857143
2025-06-10,TikTok,1459745,21530,11286.08,30626.829999999998,0.014749151392880263,0.5242025081281932,7.731542152910269,2.713681809804644,12677.02142857143,36466.340000000004
2025-06-11,TikTok,1887816,27356,14669.86,41314.37,0.01449081902049776,0.5362574937856412,7.7708102908334284,2.8162756836125227,12803.289999999999,36794.92285714286
2025-06-12,TikTok,1441919,22237,12366.92,32735.22,0.015421809408156769,0.556141565858704,8.576709232626799,2.6469986059584762,12533.055714285714,35552.79571428571
2025-06-13,TikTok,1727674,26089,13108.62,37794.01,0.015100649775362712,0.5024577408103033,7.587438370896361,2.8831417799890455,12584.310000000001,35715.60285714286
2025-06-14,TikTok,1498004,22754,10599.26,30058.26,0.015189545555285566,0.4658196361079371,7.075588583208056,2.8358828823899023,12651.988571428572,35797.409999999996
2025-06-15,TikTok,1439541,22060,11391.62,30806.76,0.01532432907433689,0.5163925657298277,7.913369608785023,2.7043352920831274,12709.144285714285,35658.43714285714
2025-06-16,TikTok,1391870,21489,10596.72,30439.29,0.015438941855201994,0.49312299315929076,7.613297218849461,2.8725199873168306,12002.725714285714,33396.391428571435
2025-06-17,TikTok,1265864,19447,10033.23,28175.25,0.015362629792773948,0.5159268781817247,7.925993629647419,2.808193373420125,11823.747142857143,33046.165714285715
2025-06-18,TikTok,1436919,21022,10642.17,29126.26,0.014629913029196496,0.5062396536961279,7.406242105504903,2.7368722732299897,11248.362857142858,31305.007142857143
2025-06-19,TikTok,1210604,17705,10278.23,28628.43,0.01462493102616545,0.5805269697825473,8.490166891898589,2.7853463096272413,10949.978571428572,30718.32285714286
2025-06-20,TikTok,1185619,17412,10418.17,28465.49,0.014685999465258233,0.5983327590167701,8.787114578966767,2.732292715515297,10565.628571428571,29385.67714285714
2025-06-21,TikTok,1256031,19137,9945.17,27351.86,0.01523608891818753,0.5196828133981293,7.917933554187755,2.7502657068707723,10472.187142857143,28999.048571428575
2025-06-22,TikTok,1312919,20016,9335.960000000001,27163.47,0.015245418795828226,0.46642486011191053,7.110842329191673,2.909552954382838,10178.52142857143,28478.57857142857
2025-06-23,TikTok,1629899,24932,15179.230000000001,41478.12,0.015296653350913155,0.6088252045563934,9.312988105397944,2.7325575803252207,10833.165714285715,30055.554285714286
2025-06-24,TikTok,1505915,23051,11992.62,34571.43,0.01530697283711232,0.5202646306017092,7.963676568730639,2.8827253761063054,11113.078571428572,30969.294285714284
2025-06-25,TikTok,1080890,16050,8081.62,22469.68,0.014848874538574693,0.5035277258566978,7.476820027939938,2.780343544982318,10747.285714285716,30018.354285714286
2025-06-26,TikTok,1276814,18938,9802.369999999999,27582.26,0.01483223084959908,0.5176032315978455,7.677210619557742,2.813835837659668,10679.305714285714,29868.90142857143
2025-06-27,TikTok,1264359,19205,11945.550000000001,32975.26,0.015189515003254614,0.6220020827909399,9.4479099686086,2.760463938454069,10897.502857142857,30513.15428571429
2025-06-28,TikTok,1809910,27333,12694.98,38506.369999999995,0.015101855893386964,0.4644561519042915,7.014149874855656,3.0331965863672092,11290.332857142857,32106.655714285716
2025-06-29,TikTok,1367842,20542,9595.75,26933.43,0.015017816385225778,0.4671283224612988,7.015247375062325,2.8068082223901207,11327.445714285714,32073.792857142857
2025-06-30,TikTok,1598160,24422,13590.65,41092.24,0.015281323522050357,0.5564920972893292,8.503935776142564,3.0235669375636927,11100.505714285715,32018.66714285714
2025-07-01,TikTok,1438124,21571,11725.470000000001,33575.58,0.014999401998714993,0.5435756339529925,8.153309450367285,2.8634741293952395,11062.34142857143,31876.402857142857
2025-07-02,TikTok,1588600,23083,10500.02,28829.26,0.014530404129422133,0.4548810813152537,6.609605942339167,2.7456385797360383,11407.827142857142,32784.91428571429
2025-07-03,TikTok,1732403,25618,14076.66,39714.45,0.014787552318946573,0.549483175891951,8.125511211883147,2.821297807860671,12018.44,34518.08428571428
2025-07-04,TikTok,1364363,20440,9890.59,26587.54,0.014981350271152178,0.48388405088062625,7.249236456866685,2.688165215624144,11724.874285714284,33605.55285714285
2025-07-05,TikTok,1562762,23686,11148.25,32691.0,0.01515649855832174,0.4706683272819387,7.133683823896409,2.9323884914672704,11503.912857142857,32774.78571428572
2025-07-06,TikTok,1743805,25383,13325.52,36171.13,0.014556100022651616,0.5249781349722256,7.641634242360815,2.7144254032863255,12036.737142857144,34094.45714285714
2025-07-07,TikTok,1405878,20475,13018.58,37073.29,0.01456385262448093,0.635828083028083,9.260106495727225,2.8477214872897045,11955.01285714286,33520.32142857143
2025-07-08,TikTok,1682569,25345,15477.46,44921.51,0.015063275265382876,0.6106711382915763,9.198707452710707,2.9023825614797265,12491.011428571426,35141.16857142857
2025-07-09,TikTok,1563164,23457,12996.57,37352.54,0.015006103006466372,0.5540593426269343,8.314271567154822,2.8740306096146906,12847.66142857143,36358.78
2025-07-10,TikTok,1431939,20830,11448.98,32976.84,0.01454670904277347,0.5496389822371579,7.995438353170072,2.880329950790376,12472.278571428571,35396.264285714286
2025-07-11,TikTok,1388343,20651,11460.52,31256.16,0.01487456629953837,0.5549619873129631,8.25481887401024,2.727289861193035,12696.554285714286,36063.21
2025-07-12,TikTok,1640271,24925,14384.43,36143.34,0.015195659741591481,0.5771085255767302,8.769544788635537,2.512670992176958,13158.865714285714,36556.40142857143
2025-07-13,TikTok,1530705,22595,12727.27,35748.99,0.014761172139635004,0.563278158884709,8.314645865793866,2.808849816182103,13073.401428571427,36496.095714285715
2025-07-14,TikTok,1671695,26045,13786.76,40391.25,0.015579995154618515,0.5293438279900173,8.247174275211686,2.929713000008704,13183.141428571427,36970.09
2025-07-15,TikTok,1164489,17217,10333.560000000001,28116.6,0.014785025878303703,0.6001951559505141,8.873900912760877,2.7209016060292868,12448.298571428573,34569.38857142857
2025-07-16,TikTok,1485926,22491,12283.32,35847.28,0.015136016194615345,0.5461437908496732,8.26644126288927,2.9183706033873578,12346.405714285715,34354.35142857143
2025-07-17,TikTok,1554938,22394,12016.52,35596.16,0.014401860395719958,0.5365955166562473,7.727973719852495,2.962268610213273,12427.482857142857,34728.54
2025-07-18,TikTok,1436007,21623,11981.77,33760.6,0.015057726041725424,0.5541215372520002,8.343810301760367,2.8176638343082865,12501.947142857143,35086.317142857144
2025-07-19,TikTok,1442343,20522,9296.41,25918.33,0.014228238359391628,0.45299727122112854,6.445353151088194,2.787993429721796,11775.087142857144,33625.60142857143
2025-07-20,TikTok,1179992,16920,10689.41,31478.86,0.014339080264950949,0.6317618203309693,9.058883450057289,2.9448641225287457,11483.964285714286,33015.58285714286
2025-07-21,TikTok,1513163,22708,13100.2,36183.91,0.015006975454726292,0.5768980095120663,8.657494268628033,2.762088365063129,11385.884285714286,32414.53428571429
2025-07-22,TikTok,1100616,16262,8777.25,25759.25,0.0147753621608263,0.5397398843930635,7.974852264550034,2.9347745592298273,11163.554285714286,32077.77
2025-07-23,TikTok,1701017,26030,14197.849999999999,39337.83,0.01530261014440185,0.5454417979254705,8.346683190115089,2.7706892240726595,11437.058571428572,32576.420000000002
2025-07-24,TikTok,1226688,18741,9472.53,25924.73,0.015277723430896855,0.5054442132223468,7.722036899358272,2.73683271523025,11073.631428571429,31194.787142857145
2025-07-25,TikTok,1597281,24964,14641.779999999999,43744.5,0.015629059633214194,0.586515782727127,9.166690144063567,2.9876490426710416,11453.632857142857,32621.058571428573
2025-07-26,TikTok,1555648,23187,11800.78,33912.36,0.014905042786028716,0.5089394919566999,7.585764903114329,2.873738854550292,11811.399999999998,33763.06285714286
2025-07-27,TikTok,1566799,22858,14056.78,39454.67,0.014588980462714106,0.6149610639601015,8.9716549474438,2.806807106606207,12292.452857142856,34902.46428571428
2025-07-28,TikTok,1507242,23090,12876.519999999999,37973.020000000004,0.015319371408174666,0.5576665223040277,8.543100577080521,2.949012621422559,12260.498571428572,35158.05142857142
2025-07-29,TikTok,1362162,20428,12767.76,36289.81,0.014996747817073153,0.6250127276287448,9.373158258709317,2.842300450509721,12830.571428571426,36662.41714285714
2025-07-30,TikTok,1598117,24046,14315.619999999999,40563.28,0.015046457800023403,0.5953430924062214,8.957804716425642,2.8334979553802073,12847.395714285714,36837.48142857143
2025-07-31,TikTok,1713351,25082,14668.65,41876.0,0.014639148662474882,0.5848277649310262,8.561380592768208,2.854795771935386,13589.698571428571,39116.23428571429
2025-08-01,TikTok,1393400,20532,11350.15,31410.32,0.014735180134921774,0.5528029417494642,8.145650925793024,2.767392501420686,13119.465714285714,37354.20857142857
2025-08-02,TikTok,1564400,22905,14088.18,39504.57,0.014641396062388136,0.6150700720366732,9.005484530810534,2.8040932185704612,13446.237142857144,38153.095714285715
2025-08-03,TikTok,1700182,26315,12758.56,35232.4,0.015477754734493131,0.4848398251947558,7.504231899878954,2.7614715140266615,13260.777142857143,37549.91428571429
2025-08-04,TikTok,1461145,22042,12405.01,35311.58,0.015085429577488887,0.5627896742582343,8.489923997960503,2.846557963274516,13193.41857142857,37169.70857142857
2025-08-05,TikTok,1770454,26344,14788.460000000001,41997.840000000004,0.01487979919274943,0.5613597023990283,8.352919646599123,2.8399062512256177,13482.09,37985.14142857143
2025-08-06,TikTok,1565804,23302,11159.48,30280.55,0.014881811516639375,0.4789065316281864,7.126996737778164,2.713437364465011,13031.212857142857,36516.18
2025-08-07,TikTok,1539238,23715,11821.02,35591.159999999996,0.015406974100171644,0.49846173308032893,7.679787011495298,3.010836628311262,12624.408571428572,35618.345714285715
2025-08-08,TikTok,1389753,21920,10985.71,32464.43,0.0157725869273173,0.5011729014598539,7.904793153891375,2.95515082775715,12572.345714285717,35768.932857142856
2025-08-09,TikTok,1881746,29118,16057.75,47404.740000000005,0.015473926874296532,0.5514715983240607,8.533431185717944,2.9521408665597613,12853.712857142857,36897.52857142857
2025-08-10,TikTok,1513379,22490,12221.6,35469.12,0.014860785037984537,0.5434237438861717,8.07570344242916,2.9021666557570205,12777.004285714285,36931.345714285715
2025-08-11,TikTok,1604394,23016,14531.24,38158.07,0.014345603386699277,0.6313538408063956,9.057151796877823,2.625933506018757,13080.75142857143,37337.98714285714
2025-08-12,TikTok,1370597,20757,11255.45,34468.89,0.015144495427904775,0.5422483981307511,8.212078386279847,3.0624177620619344,12576.035714285714,36262.422857142854
2025-08-13,TikTok,1595513,24112,9735.539999999999,27350.620000000003,0.015112380782857928,0.4037632714001327,6.101824303531214,2.8093582893193396,12372.615714285714,35843.861428571436
2025-08-14,TikTok,1211457,18053,9602.3,26076.86,0.014901890863646006,0.5318949759042818,7.92624088184723,2.7156889495225105,12055.655714285715,34484.67571428572
2025-08-15,TikTok,1608255,23691,10273.220000000001,27227.449999999997,0.014730872902618056,0.43363386940188264,6.38780541642961,2.6503326123649638,11953.871428571429,33736.53571428572
2025-08-16,TikTok,1580144,24220,13103.79,39692.16,0.015327716967567512,0.5410317919075145,8.292782176814265,3.029059531631688,11531.877142857145,32634.73857142857
2025-08-17,TikTok,1485591,22773,10569.45,30217.87,0.015329252802420047,0.4641219865630352,7.114643263186166,2.8589822554626774,11295.855714285715,31884.56
2025-08-18,TikTok,1258750,18932,9087.12,27699.649999999998,0.015040317775571002,0.4799873230509191,7.219161866931479,3.048232003098891,10518.124285714284,30390.5
2025-08-19,TikTok,1444683,21790,11804.92,34046.82,0.015082893617492557,0.5417586048646168,8.171287403534201,2.884121196924672,10596.619999999999,30330.204285714284
2025-08-20,TikTok,1498384,22731,12245.19,34807.01,0.01517034351674871,0.5387000131978356,8.17226425268823,2.8425046895964865,10955.141428571429,31395.402857142857
2025-08-21,TikTok,1459730,22037,12138.32,34699.65,0.0150966274585026,0.55081544674865,8.315455597953045,2.8586863750502545,11317.429999999998,32627.23
2025-08-22,TikTok,1561090,24264,11428.189999999999,32985.869999999995,0.01554298599055788,0.4709936531486976,7.320647752531883,2.8863599572635734,11482.425714285713,33449.86142857142
2025-08-23,TikTok,1657118,24988,14153.4,40926.18,0.015079191705116957,0.5664078757803745,8.540972942180339,2.8916147356818858,11632.369999999999,33626.15
2025-08-24,TikTok,1412766,20822,11148.23,32270.559999999998,0.014738463411492066,0.5354063010277591,7.891066177979934,2.8946801420494555,11715.052857142859,33919.39142857143
2025-08-25,TikTok,1324982,19831,11870.89,33878.58,0.014966995778055853,0.5986026927537693,8.959283975178531,2.853920809644433,12112.734285714285,34802.095714285715
2025-08-26,TikTok,1487367,21501,10105.19,28967.11,0.014455746295299008,0.4699869773498907,6.794012506664461,2.8665576797665357,11869.915714285715,34076.422857142854
2025-08-27,TikTok,1530789,23221,12947.93,36592.18,0.015169301582386599,0.5575957107790362,8.458337497852416,2.826102705220062,11970.307142857142,34331.44714285714
2025-08-28,TikTok,1543554,23634,12629.8,36262.96,0.015311417676349515,0.5343911314208344,8.18228581572138,2.8712220304359533,12040.518571428573,34554.777142857136
2025-08-29,TikTok,1541778,23503,11761.61,32025.78,0.015244088318811138,0.5004301578521891,7.6286015236953695,2.7229078331963055,12088.15,34417.62142857143
2025-08-30,TikTok,1361530,20318,11392.630000000001,32537.76,0.014922917600052881,0.5607161137907275,8.367520363120903,2.856035875824985,11693.754285714285,33219.275714285715
2025-08-31,TikTok,1912886,28930,13683.22,38267.04,0.015123744959187323,0.4729768406498444,7.15318110959043,2.7966399721702935,12055.895714285713,34075.91571428571
2025-09-01,TikTok,1706434,24802,13343.68,36648.35,0.014534403322953011,0.5380082251431336,7.819628535296413,2.7464949699033547,12266.294285714286,34471.59714285714
2025-09-02,TikTok,1336778,19984,10516.25,28502.48,0.014949378281210493,0.5262334867894315,7.8668634582555965,2.710327350528943,12325.017142857143,34405.22142857143
2025-09-03,TikTok,1570007,22897,13544.74,39124.85,0.01458401140886633,0.5915508581910294,8.62718446478264,2.8885641215704396,12410.275714285714,34767.03142857143
2025-09-04,TikTok,1471527,21658,10984.98,31313.98,0.01471804458905613,0.5072019577061594,7.465021029175816,2.8506178436374032,12175.301428571429,34060.03428571428
2025-09-05,TikTok,1628153,25244,14222.76,40184.32,0.015504685370478081,0.5634115037236571,8.735518099343244,2.825353166333398,12526.894285714285,35225.54
2025-09-06,TikTok,1819561,27985,15347.7,42614.26,0.015380083437708327,0.54842594246918,8.434836754579813,2.776589326087948,13091.904285714287,36665.04
2025-09-07,TikTok,1955541,28943,16688.67,47712.47,0.014800507890143954,0.5766047058010572,8.53404249770268,2.858973782811932,13521.254285714285,38014.38714285714
2025-09-08,TikTok,1712415,25404,15956.02,43680.4,0.014835188899887001,0.6280908518343568,9.31784643325362,2.7375498401230383,13894.445714285714,39018.96571428572
2025-09-09,TikTok,1773415,26879,16163.210000000001,48574.869999999995,0.015156632824240237,0.6013322668254028,9.114172373640688,3.005273704913813,14701.154285714287,41886.450000000004
2025-09-10,TikTok,1554124,24055,11349.46,32703.8,0.015478172912843506,0.47181292870505087,7.302802093011883,2.8815291652642507,14387.542857142855,40969.15714285715
2025-09-11,TikTok,1484479,21865,12797.57,36828.37,0.01472907329776979,0.5852993368396981,8.620916833447964,2.877762731518562,14646.484285714285,41756.927142857145
2025-09-12,TikTok,1528333,22089,11147.38,30794.13,0.01445300206172346,0.5046575218434515,7.293816203667657,2.762454496034046,14207.144285714287,40415.47142857143
